{
  "name": "ckeditor",
  "description": "JavaScript WYSIWYG web text editor.",
  "keywords": [
    "ckeditor",
    "fckeditor",
    "editor",
    "wysiwyg",
    "html",
    "richtext",
    "text",
    "javascript"
  ],
  "authors": "CKSource - Frederico Knabben (http://cksource.com)",
  "license": "http://ckeditor.com/about/license",
  "homepage": "http://ckeditor.com",
  "version": "4.4.1",
  "_release": "4.4.1",
  "_resolution": {
    "type": "version",
    "tag": "4.4.1",
    "commit": "86ddb21e08c748eabe69ab00ede0d7a65b1298c7"
  },
  "_source": "https://github.com/ckeditor/ckeditor-releases.git",
  "_target": "4.4.1",
  "_originalSource": "ckeditor"
}