{
    "title": "Customer Profile",
    "description": "Alpaca Farm Ice Cream Customer Profile Form.",
    "type": "object",
    "properties":{
        "name":{
            "title": "Name",
            "description": "Enter your full name.",
            "type": "string",
            "required": true
        },
        "age":{
            "title": "Age",
            "description": "Enter your age.",
            "type": "number"
        },
        "gender":{
            "title": "Gender",
            "type": "string",
            "enum":[
                "Male",
                "Female"
            ]
        },
        "photo":{
            "title": "Photo",
            "description": "Upload your profile picture.",
            "type": "string",
            "format": "uri"
        },
        "member":{
            "title": "Member",
            "type": "boolean",
            "description": "Are you a member?"
        },
        "icecream":{
            "title": "Favorite",
            "type": "string",
            "enum":[
                "Vanilla",
                "Chocolate",
                "Coffee",
                "Strawberry",
                "Mint"
            ]
        },
        "phone":{
            "title": "Home Phone",
            "type": "string",
			"format": "phone"
        },
        "address":{
            "title": "Home Address",
            "type": "any"
        }
    }
}