{
  "name": "ace-builds",
  "version": "1.2.6",
  "description": "Ace (Ajax.org Cloud9 Editor)",
  "scripts": {
    "test": "echo \"Error: no test specified\" && exit 1"
  },
  "ignore": [
    "demo"
  ],
  "repository": {
    "type": "git",
    "url": "https://github.com/ajaxorg/ace-builds.git"
  },
  "author": "",
  "license": "BSD",
  "bugs": {
    "url": "https://github.com/ajaxorg/ace-builds/issues"
  },
  "homepage": "https://github.com/ajaxorg/ace-builds",
  "_release": "1.2.6",
  "_resolution": {
    "type": "version",
    "tag": "v1.2.6",
    "commit": "2268d21c5893320330c9daf10b70b1973ca45eba"
  },
  "_source": "https://github.com/ajaxorg/ace-builds.git",
  "_target": "1.2.6",
  "_originalSource": "ace-builds"
}